,baseMean,log2FoldChange,lfcSE,stat,pvalue,padj,
ENSG00000142619,52.75915583,2.825241533,0.326428153,8.655017989,4.93E-18,2.11E-15,PADI3
ENSG00000151224,20.57657685,2.780820279,0.516094888,5.388195739,7.12E-08,7.41E-06,MAT1A
ENSG00000079393,19.96030213,2.725338369,0.511010082,5.33323796,9.65E-08,9.83E-06,DUSP13
ENSG00000118785,50.48718687,2.671608667,0.343703287,7.773008782,7.66E-15,2.22E-12,SPP1
ENSG00000268621,78.92198641,2.639700004,0.275971219,9.565127882,1.12E-21,8.80E-19,IGFL2-AS1
ENSG00000130203,113.6719371,2.54206624,0.221953213,11.45316259,2.27E-30,4.27E-27,
ENSG00000136235,400.7867474,2.337500124,0.1269436,18.41369022,1.02E-75,9.62E-72,
ENSG00000166736,57.11397186,2.265752308,0.292562832,7.744498145,9.60E-15,2.66E-12,
ENSG00000268964,43.06471793,1.926702387,0.321622522,5.990570478,2.09E-09,3.06E-07,
ENSG00000160862,131.8030739,1.704872455,0.191085397,8.922044701,4.58E-19,2.40E-16,
ENSG00000118322,41.52435211,1.690404929,0.322325326,5.244406172,1.57E-07,1.52E-05,
ENSG00000168447,101.2241489,1.496978421,0.220573678,6.786750044,1.15E-11,2.28E-09,
ENSG00000188404,123.1098878,1.486578032,0.187760843,7.917401779,2.43E-15,7.88E-13,
ENSG00000116774,75.31464836,1.474955293,0.235974935,6.250474418,4.09E-10,6.59E-08,
ENSG00000149575,68.55054314,1.455968615,0.260265718,5.594162106,2.22E-08,2.56E-06,
ENSG00000137440,1434.125403,1.439662846,0.102915867,13.9887356,1.83E-44,4.92E-41,
ENSG00000181577,1802.487551,1.418119812,0.087375056,16.23025922,3.08E-59,1.45E-55,
ENSG00000140795,26.71790702,1.392877605,0.383038567,3.636389975,0.000276486,0.010949645,
ENSG00000163207,53.55968773,1.392423211,0.348193052,3.998997694,6.36E-05,0.003066846,
ENSG00000111863,80.72029322,1.382184929,0.228032912,6.061339646,1.35E-09,2.04E-07,
ENSG00000260604,353.640457,1.376427089,0.120564835,11.4164888,3.46E-30,5.93E-27,
ENSG00000116701,104.4337068,1.341386792,0.197391264,6.795573248,1.08E-11,2.16E-09,
ENSG00000269526,44.60379392,1.272031596,0.298177207,4.266025594,1.99E-05,0.001150639,
ENSG00000132718,23.41047456,1.271303721,0.405430188,3.135690828,0.001714498,0.046370173,
ENSG00000169174,393.8541799,1.266772818,0.145636008,8.698211649,3.37E-18,1.51E-15,
ENSG00000237686,74.11526069,1.261217925,0.256166198,4.923436172,8.50E-07,7.06E-05,
ENSG00000100078,32.02479612,1.253393273,0.356310068,3.517703781,0.000435298,0.015871958,
ENSG00000008300,33.64488816,1.251407526,0.339554148,3.685443197,0.000228305,0.009358491,
ENSG00000107159,50.73154515,1.242193523,0.295303955,4.206491318,2.59E-05,0.001421311,
ENSG00000134824,8221.996576,1.223769596,0.073748952,16.5937218,7.74E-62,4.86E-58,
ENSG00000158516,98.05317131,1.202295494,0.207206691,5.802397063,6.54E-09,8.74E-07,
ENSG00000121552,41.43747348,1.196121171,0.319659656,3.741858409,0.000182664,0.007755422,
ENSG00000145063,72.27940273,1.17337406,0.237325889,4.944146901,7.65E-07,6.46E-05,
ENSG00000106772,383.5481193,1.136477119,0.118968174,9.552782741,1.26E-21,9.52E-19,
ENSG00000248538,33.34320543,1.125654744,0.342234574,3.289132166,0.001004968,0.030506692,
ENSG00000205363,130.5473948,1.118857171,0.175352705,6.380609704,1.76E-10,2.92E-08,
ENSG00000087076,211.0196082,1.103661949,0.147365074,7.48930477,6.92E-14,1.79E-11,
ENSG00000152137,41.1834025,1.102322687,0.312828049,3.523733538,0.000425512,0.015545204,
ENSG00000226549,6052.340669,1.090132293,0.070830402,15.39073984,1.89E-53,5.93E-50,
ENSG00000005108,35.81917627,1.087353597,0.326110268,3.334312667,0.000855105,0.027046276,
ENSG00000099194,12426.832,1.086605075,0.05708282,19.03558858,8.65E-81,1.63E-76,
ENSG00000143369,40.61945739,1.084677439,0.326123529,3.325971114,0.000881111,0.027683026,
ENSG00000101670,66.70456619,1.082886114,0.289639082,3.738743077,0.000184943,0.007799448,
ENSG00000164692,148.188246,1.082335154,0.164625786,6.57451775,4.88E-11,8.60E-09,
ENSG00000196979,35.23991978,1.05784103,0.326883998,3.236135863,0.001211597,0.035301106,
ENSG00000228549,38.42915093,1.037636058,0.309378998,3.353931793,0.00079672,0.025761524,
ENSG00000168671,62.31447951,1.028260008,0.253343922,4.058751436,4.93E-05,0.002441021,
ENSG00000110195,691.6120275,1.014769278,0.091047041,11.14554925,7.53E-29,1.01E-25,
ENSG00000121769,48.26912083,1.008280234,0.276769518,3.643032084,0.000269445,0.010761255,
ENSG00000166869,39.86767552,1.006604037,0.303858624,3.312738085,0.000923875,0.028786709,
ENSG00000136167,37.82661527,1.004797379,0.31555543,3.184218314,0.001451455,0.041021556,
ENSG00000154678,50.3336216,0.994101663,0.272541722,3.647521027,0.000264783,0.010620038,
ENSG00000169085,44.26841576,0.983453379,0.293731522,3.348137003,0.000813568,0.026112104,
ENSG00000125657,167.4050644,0.980757332,0.165509855,5.925673335,3.11E-09,4.31E-07,
ENSG00000173930,164.0705632,0.977935363,0.16559572,5.90555941,3.51E-09,4.84E-07,
ENSG00000113946,1056.784277,0.957533861,0.087965841,10.8852919,1.35E-27,1.70E-24,
ENSG00000124102,49.98146747,0.95276605,0.278908912,3.416047348,0.000635372,0.021698183,
ENSG00000196420,157.7965476,0.92895106,0.163804522,5.671095334,1.42E-08,1.73E-06,
ENSG00000237515,363.7683146,0.902842422,0.116718433,7.735217135,1.03E-14,2.82E-12,
ENSG00000147027,364.7460912,0.901644328,0.127898744,7.049673046,1.79E-12,3.98E-10,
ENSG00000176406,139.0221904,0.881624388,0.170029519,5.185125473,2.16E-07,1.99E-05,
ENSG00000169247,202.573101,0.876941667,0.162938507,5.382040656,7.36E-08,7.63E-06,
ENSG00000165887,256.5641627,0.875510533,0.137196593,6.381430571,1.75E-10,2.92E-08,
ENSG00000150873,235.806399,0.857293652,0.147986737,5.793043831,6.91E-09,9.18E-07,
ENSG00000205362,78.30196055,0.835813745,0.222537817,3.755827913,0.000172769,0.007469898,
ENSG00000270346,69.64806875,0.82723779,0.251035559,3.295301243,0.000983162,0.030038236,
ENSG00000156510,445.5329356,0.826834881,0.104830274,7.887367324,3.09E-15,9.86E-13,
ENSG00000134548,63.78717888,0.82230596,0.258634783,3.179409783,0.001475753,0.041512336,
ENSG00000087086,7115.36494,0.819869679,0.083553795,9.812476862,9.95E-23,8.53E-20,
ENSG00000176046,717.8751277,0.817199857,0.088518164,9.232001832,2.66E-20,1.62E-17,
ENSG00000138100,126.476121,0.811285024,0.183082558,4.431252393,9.37E-06,0.000594647,
ENSG00000168209,3036.606246,0.791343181,0.090217762,8.771478724,1.76E-18,8.31E-16,
ENSG00000143382,1398.598686,0.788763976,0.079861434,9.876656756,5.26E-23,4.95E-20,
ENSG00000111181,119.1858054,0.78515044,0.180343881,4.353629498,1.34E-05,0.000801329,
ENSG00000174827,955.3345315,0.783901431,0.083257328,9.415404594,4.71E-21,3.29E-18,
ENSG00000237264,4776.880123,0.78219893,0.073959554,10.57603639,3.85E-26,4.27E-23,
ENSG00000001630,139.9988808,0.780455642,0.166085624,4.699116164,2.61E-06,0.00019316,
ENSG00000112299,122.5848458,0.777296259,0.185292169,4.194976308,2.73E-05,0.001474052,
ENSG00000213453,1140.583601,0.773752056,0.093320447,8.291345395,1.12E-16,4.49E-14,
ENSG00000135127,177.8391146,0.769902309,0.149983481,5.133247362,2.85E-07,2.57E-05,
ENSG00000215860,308.7270984,0.765256426,0.126376977,6.055346799,1.40E-09,2.10E-07,
ENSG00000260549,768.1836417,0.765002895,0.097036926,7.883626676,3.18E-15,9.99E-13,
ENSG00000164627,469.0730373,0.760120158,0.110561578,6.875084212,6.20E-12,1.30E-09,
ENSG00000204257,129.5084692,0.757643039,0.174628159,4.3386075,1.43E-05,0.000855384,
ENSG00000137501,115.6531035,0.755568588,0.193247746,3.909844258,9.24E-05,0.004298756,
ENSG00000248712,64.55429999,0.752533957,0.240803052,3.125101412,0.001777438,0.047594429,
ENSG00000186480,1747.036849,0.745012927,0.107599936,6.923916087,4.39E-12,9.31E-10,
ENSG00000227376,3802.016088,0.744312141,0.202219341,3.680716879,0.000232579,0.009510519,
ENSG00000198910,371.4913453,0.740949022,0.130938899,5.658738733,1.52E-08,1.83E-06,
ENSG00000166780,266.9275842,0.736536922,0.131608751,5.596412994,2.19E-08,2.55E-06,
ENSG00000213362,2566.749398,0.736053747,0.065458613,11.24456676,2.46E-29,3.87E-26,
ENSG00000131094,150.3508548,0.728782003,0.173854104,4.19191716,2.77E-05,0.001482569,
ENSG00000144366,1419.984007,0.728454563,0.079887977,9.118450507,7.62E-20,4.10E-17,
ENSG00000166501,327.8650383,0.728237891,0.117470639,6.199318366,5.67E-10,8.98E-08,
ENSG00000224763,226.4923928,0.72809252,0.138772379,5.246667428,1.55E-07,1.51E-05,
ENSG00000151726,957.2274732,0.726880329,0.08812304,8.2484709,1.60E-16,6.17E-14,
ENSG00000223361,3562.315054,0.725749202,0.082407619,8.806821669,1.29E-18,6.39E-16,
ENSG00000035499,1918.989134,0.724440309,0.100944627,7.176610904,7.15E-13,1.62E-10,
ENSG00000174938,417.0792252,0.720738868,0.110567291,6.518554109,7.10E-11,1.23E-08,
ENSG00000214049,26422.82944,0.719726746,0.072594676,9.914318555,3.61E-23,3.78E-20,
ENSG00000114854,102.728736,0.718402574,0.20627738,3.48270166,0.000496381,0.017722125,
ENSG00000112303,92.31685347,0.717429628,0.220862382,3.248310651,0.001160924,0.03435571,
ENSG00000154277,289.0505449,0.716210363,0.120814756,5.928169601,3.06E-09,4.28E-07,
ENSG00000242960,3086.06066,0.711444151,0.077555663,9.173336004,4.59E-20,2.70E-17,
ENSG00000205542,1280.737048,0.706221228,0.074857635,9.434191088,3.94E-21,2.86E-18,
ENSG00000171992,157.7216438,0.705985565,0.180985833,3.900778052,9.59E-05,0.004411526,
ENSG00000104549,6218.872717,0.700462471,0.072072727,9.718828463,2.51E-22,2.05E-19,
ENSG00000234975,3074.427261,0.697879096,0.164731359,4.236467782,2.27E-05,0.001266383,
ENSG00000183696,197.3956853,0.694970921,0.156928995,4.42856926,9.49E-06,0.000600071,
ENSG00000232368,1034.256545,0.693799991,0.086024442,8.065149549,7.31E-16,2.55E-13,
ENSG00000138798,108.0813142,0.693444872,0.196178698,3.534761312,0.000408144,0.015021699,
ENSG00000226608,5366.464416,0.690028754,0.074380034,9.277069615,1.74E-20,1.09E-17,
ENSG00000189334,2375.822072,0.686373783,0.089150943,7.699007537,1.37E-14,3.69E-12,
ENSG00000143603,193.2333177,0.685740382,0.147851865,4.638023218,3.52E-06,0.000249285,
ENSG00000112972,1692.015378,0.682469788,0.08794644,7.760061597,8.49E-15,2.39E-12,
ENSG00000198570,117.4228931,0.680813246,0.181414769,3.752799449,0.000174871,0.007543452,
ENSG00000171303,495.2193796,0.680732404,0.099985567,6.808306679,9.88E-12,2.00E-09,
ENSG00000236876,118.7795459,0.675469267,0.18060693,3.7399964,0.000184023,0.00779554,
ENSG00000215035,399.4363903,0.674113279,0.111724449,6.033713146,1.60E-09,2.36E-07,
ENSG00000160752,797.7336135,0.672960281,0.087685695,7.674687235,1.66E-14,4.40E-12,
ENSG00000198074,115.3214138,0.670465599,0.195138287,3.435848544,0.000590701,0.02035705,
ENSG00000025039,585.5650017,0.668941483,0.092175538,7.257256041,3.95E-13,9.19E-11,
ENSG00000213190,205.7433958,0.659606432,0.140159347,4.706118049,2.52E-06,0.000188868,
ENSG00000221866,394.3365022,0.659487343,0.114669802,5.751185862,8.86E-09,1.16E-06,
ENSG00000117407,267.9983872,0.659318677,0.141572782,4.657100536,3.21E-06,0.000228992,
ENSG00000233980,196.7288988,0.657997309,0.163581927,4.0224328,5.76E-05,0.002813003,
ENSG00000162975,571.1512083,0.657949961,0.12690322,5.184659321,2.16E-07,1.99E-05,
ENSG00000259770,313.3768186,0.652234426,0.131024779,4.97794716,6.43E-07,5.46E-05,
ENSG00000120437,449.8282849,0.643739685,0.10750865,5.987794347,2.13E-09,3.08E-07,
ENSG00000226564,12448.81858,0.643670665,0.057553192,11.18392634,4.89E-29,7.09E-26,
ENSG00000076864,244.3562396,0.642995727,0.130363477,4.932330312,8.13E-07,6.78E-05,
ENSG00000232533,159.713533,0.642967663,0.158697941,4.051518608,5.09E-05,0.002504588,
ENSG00000137709,103.4370638,0.642390788,0.202501199,3.172281409,0.001512464,0.04206773,
ENSG00000215805,114.1935917,0.64110507,0.188227346,3.406014507,0.000659187,0.02215032,
ENSG00000165072,107.9688775,0.638134127,0.193196285,3.303035179,0.000956444,0.029418046,
ENSG00000219507,8361.709629,0.633154793,0.067395546,9.394608784,5.74E-21,3.87E-18,
ENSG00000260328,135.2893658,0.630834033,0.176953265,3.564975385,0.00036389,0.013583558,
ENSG00000170017,9160.567642,0.628984925,0.064051084,9.820051256,9.23E-23,8.29E-20,
ENSG00000159335,2154.16695,0.625466671,0.079602229,7.857401428,3.92E-15,1.21E-12,
ENSG00000111348,720.6575514,0.625320752,0.085778173,7.28997518,3.10E-13,7.49E-11,
ENSG00000170006,573.824099,0.623009058,0.100463555,6.201343925,5.60E-10,8.94E-08,
ENSG00000205336,3189.082033,0.621232807,0.066440428,9.350222842,8.75E-21,5.69E-18,
ENSG00000079459,2347.548124,0.616178572,0.077607752,7.939652392,2.03E-15,6.71E-13,
ENSG00000172164,299.2012768,0.615894209,0.127243603,4.840276404,1.30E-06,0.000102446,
ENSG00000225462,718.0405146,0.615719194,0.090887994,6.774483245,1.25E-11,2.43E-09,
ENSG00000230204,2218.191362,0.608235725,0.082484209,7.373965671,1.66E-13,4.16E-11,
ENSG00000101680,198.6456712,0.608118201,0.14469043,4.202891644,2.64E-05,0.001431626,
ENSG00000205086,345.3843896,0.607452526,0.116124897,5.231027471,1.69E-07,1.61E-05,
ENSG00000232187,13593.41119,0.605660294,0.082802366,7.314528828,2.58E-13,6.32E-11,
ENSG00000116661,155.9831801,0.605440776,0.17805595,3.400283881,0.000673159,0.022499513,
ENSG00000160285,1515.22481,0.605284454,0.087373249,6.927571757,4.28E-12,9.17E-10,
ENSG00000235501,173.3994077,0.603188941,0.157414911,3.831841187,0.000127188,0.005695054,
ENSG00000196507,208.7560192,0.601055514,0.165384554,3.634290511,0.000278747,0.011011467,
ENSG00000242992,335.7878658,0.599966831,0.144440147,4.153740097,3.27E-05,0.00170518,
ENSG00000197872,311.9866235,0.599219061,0.12589724,4.759588542,1.94E-06,0.000147454,
ENSG00000019505,1588.035328,0.598949466,0.073901571,8.104691895,5.29E-16,1.88E-13,
ENSG00000213606,115.0819453,0.595297003,0.183786996,3.239059442,0.001199246,0.03512929,
ENSG00000149485,5735.824008,0.592487579,0.064810108,9.141900793,6.14E-20,3.51E-17,
ENSG00000180861,399.5248905,0.590965877,0.112713465,5.243081457,1.58E-07,1.52E-05,
ENSG00000155368,1087.165607,0.584456229,0.086866963,6.728176177,1.72E-11,3.24E-09,
ENSG00000166750,211.9424308,0.580777308,0.139062644,4.176371831,2.96E-05,0.001568422,
ENSG00000231087,246.685416,0.580114833,0.137686857,4.213291267,2.52E-05,0.001383192,
ENSG00000183691,138.7084925,0.575697027,0.174575827,3.297690395,0.000974836,0.029857047,
ENSG00000172893,4231.608062,0.57554764,0.082422212,6.982919096,2.89E-12,6.26E-10,
ENSG00000218748,267.6688434,0.572844848,0.132909667,4.31003147,1.63E-05,0.00095859,
ENSG00000091490,1333.153665,0.571847249,0.084315807,6.782206947,1.18E-11,2.32E-09,
ENSG00000127561,222.0590828,0.570849543,0.14631999,3.901377685,9.56E-05,0.004411526,
ENSG00000235823,191.8589842,0.568289094,0.157460043,3.609100332,0.000307261,0.011918051,
ENSG00000230937,303.1037598,0.567100452,0.119583729,4.742287739,2.11E-06,0.000159342,
ENSG00000254615,288.5368341,0.566028662,0.127249971,4.448163377,8.66E-06,0.000557215,
ENSG00000101335,158.5715346,0.564190882,0.159421307,3.538992954,0.000401657,0.01484633,
ENSG00000164211,755.2573669,0.563127586,0.096855115,5.814123345,6.10E-09,8.21E-07,
ENSG00000109265,144.4541523,0.562633493,0.179360814,3.136880788,0.001707555,0.046248746,
ENSG00000117318,406.7157632,0.56209299,0.11014636,5.103146296,3.34E-07,2.98E-05,
ENSG00000125968,1974.12097,0.558876661,0.083322086,6.707425219,1.98E-11,3.66E-09,
ENSG00000144481,1487.344395,0.558523408,0.095004588,5.878909817,4.13E-09,5.64E-07,
ENSG00000187653,2375.672963,0.556207611,0.066742643,8.333616787,7.84E-17,3.28E-14,
ENSG00000101040,2342.225268,0.556194453,0.07159921,7.768164617,7.96E-15,2.27E-12,
ENSG00000176945,166.9057748,0.5487117,0.169718049,3.233078053,0.001224641,0.035516472,
ENSG00000227706,2500.79137,0.545323098,0.089047618,6.123949299,9.13E-10,1.40E-07,
ENSG00000154803,394.9379106,0.544545025,0.106495745,5.113303127,3.17E-07,2.84E-05,
ENSG00000233588,1049.168928,0.543913608,0.081755759,6.652908811,2.87E-11,5.26E-09,
ENSG00000175197,324.1336283,0.539351435,0.123537257,4.365901002,1.27E-05,0.000767374,
ENSG00000132563,162.3471982,0.537995279,0.154513787,3.48185938,0.000497945,0.017744354,
ENSG00000052802,709.2247171,0.534449661,0.108190533,4.939893025,7.82E-07,6.58E-05,
ENSG00000111674,395.1743469,0.530664356,0.110548601,4.800281063,1.58E-06,0.000120924,
ENSG00000241095,505.3671424,0.527770973,0.097007213,5.440533272,5.31E-08,5.66E-06,
ENSG00000167508,332.367316,0.527092436,0.124311595,4.240090675,2.23E-05,0.001253533,
ENSG00000122641,154.3688765,0.523969276,0.164945309,3.176624291,0.001489999,0.041735477,
ENSG00000164096,1091.274191,0.523847232,0.09156215,5.721220325,1.06E-08,1.37E-06,
ENSG00000197043,401.7783992,0.522726491,0.108479124,4.818682794,1.45E-06,0.000112568,
ENSG00000237330,391.2375075,0.522540503,0.127255278,4.10623835,4.02E-05,0.002027009,
ENSG00000151012,238.4123298,0.521685215,0.142626291,3.65770721,0.000254482,0.010316626,
ENSG00000103257,12023.96067,0.519640838,0.062401276,8.32740731,8.26E-17,3.39E-14,
ENSG00000164713,1107.113092,0.518785215,0.07816735,6.636853014,3.20E-11,5.75E-09,
ENSG00000162399,215.3635985,0.518429643,0.138659922,3.738857168,0.000184859,0.007799448,
ENSG00000196154,316.3889069,0.51554033,0.126894277,4.06275479,4.85E-05,0.002405832,
ENSG00000103485,3744.842141,0.513861472,0.073281731,7.012136128,2.35E-12,5.14E-10,
ENSG00000134324,1169.097716,0.512805484,0.08424327,6.087198266,1.15E-09,1.75E-07,
ENSG00000134107,3512.153254,0.504486309,0.069235428,7.286534124,3.18E-13,7.59E-11,
ENSG00000101255,247.7572383,0.502871987,0.149047428,3.373905834,0.000741097,0.024359876,
ENSG00000103145,2167.994447,0.501186683,0.087919753,5.700501468,1.19E-08,1.50E-06,
ENSG00000160678,397.0297526,0.484209927,0.113370468,4.271041093,1.95E-05,0.001128523,
ENSG00000117280,176.6964395,0.478762828,0.148980559,3.213592637,0.001310855,0.037693218,
ENSG00000234115,1100.09542,0.477464252,0.083880559,5.692192057,1.25E-08,1.57E-06,
ENSG00000171124,190.1269461,0.475537969,0.151502335,3.138816107,0.001696319,0.046010508,
ENSG00000113739,1597.36053,0.470703905,0.074358484,6.330197745,2.45E-10,3.98E-08,
ENSG00000184227,346.9949125,0.469647456,0.120219117,3.906595445,9.36E-05,0.004346209,
ENSG00000106976,217.0358401,0.465053656,0.139128422,3.34262151,0.00082991,0.026484997,
ENSG00000132688,196.2377697,0.463518544,0.142022439,3.263699356,0.001099678,0.032957119,
ENSG00000118402,260.8671522,0.463284248,0.12855564,3.603764467,0.000313641,0.012115681,
ENSG00000162878,2189.000661,0.46255455,0.095805566,4.828055085,1.38E-06,0.000107844,
ENSG00000168528,3273.655697,0.460654379,0.087313701,5.275854441,1.32E-07,1.32E-05,
ENSG00000099282,863.0381396,0.457089403,0.09077956,5.035157747,4.77E-07,4.13E-05,
ENSG00000162840,8894.437393,0.454170933,0.090414633,5.023201666,5.08E-07,4.37E-05,
ENSG00000078804,409.4984035,0.453231329,0.106350798,4.261663642,2.03E-05,0.00116618,
ENSG00000271738,300.7892966,0.452083751,0.120224747,3.760321932,0.000169695,0.007353833,
ENSG00000205426,1028.977943,0.451696271,0.079483694,5.682879681,1.32E-08,1.63E-06,
ENSG00000198911,2442.288613,0.448747945,0.065589796,6.841734165,7.82E-12,1.60E-09,
ENSG00000126432,3329.028248,0.447366787,0.074922456,5.971064086,2.36E-09,3.39E-07,
ENSG00000040608,281.5120294,0.446428458,0.141225645,3.161100514,0.001571743,0.043380554,
ENSG00000138413,1880.206324,0.444507757,0.067394961,6.595563662,4.24E-11,7.53E-09,
ENSG00000164292,492.9284518,0.440832786,0.101635379,4.337395027,1.44E-05,0.000857402,
ENSG00000118960,380.7011967,0.440542479,0.107354615,4.103619362,4.07E-05,0.002044637,
ENSG00000161011,4633.592614,0.439936268,0.061570122,7.145288218,8.98E-13,2.02E-10,
ENSG00000154734,3195.892477,0.438160419,0.064025764,6.843501606,7.73E-12,1.60E-09,
ENSG00000129422,788.6636448,0.433167859,0.082890931,5.225756936,1.73E-07,1.65E-05,
ENSG00000119729,622.3529827,0.432615036,0.088422714,4.892578119,9.95E-07,8.02E-05,
ENSG00000012660,2421.741843,0.43228906,0.064301838,6.72281035,1.78E-11,3.33E-09,
ENSG00000165434,264.9299429,0.422135367,0.130078545,3.245234389,0.00117354,0.034620344,
ENSG00000120306,557.4778995,0.421254043,0.09483432,4.441999954,8.91E-06,0.000571471,
ENSG00000175793,1476.637025,0.418339147,0.093258853,4.485784814,7.26E-06,0.00047716,
ENSG00000071859,341.8101563,0.415392897,0.114789738,3.618728496,0.000296054,0.011530815,
ENSG00000237008,8298.931544,0.415265234,0.0766351,5.418734167,6.00E-08,6.33E-06,
ENSG00000078018,724.3563268,0.415258602,0.086477545,4.801924044,1.57E-06,0.000120423,
ENSG00000147155,978.4398625,0.415174404,0.081716065,5.080695011,3.76E-07,3.30E-05,
ENSG00000137449,263.9723761,0.414355058,0.128983007,3.212477883,0.001315953,0.037720238,
ENSG00000105048,1563.975852,0.413989971,0.087139194,4.750904286,2.03E-06,0.000153313,
ENSG00000160213,1414.246386,0.413336726,0.085529147,4.832700181,1.35E-06,0.000105796,
ENSG00000089723,396.2725399,0.412960055,0.113059119,3.652602796,0.000259596,0.01047888,
ENSG00000125726,1371.269849,0.412194126,0.09539281,4.321018799,1.55E-05,0.000916626,
ENSG00000165215,2508.231394,0.408627343,0.068451766,5.969566107,2.38E-09,3.40E-07,
ENSG00000270598,466.3033597,0.408165827,0.119603654,3.412653493,0.000643337,0.021890872,
ENSG00000160183,670.1875385,0.400595827,0.091627995,4.371980705,1.23E-05,0.000756032,
ENSG00000184574,380.6202267,0.399195136,0.111648696,3.575457206,0.000349616,0.013181236,
ENSG00000140853,323.8215789,0.397068076,0.116411991,3.410886407,0.000647521,0.021993534,
ENSG00000133935,1233.192293,0.393347071,0.079911642,4.922274923,8.55E-07,7.07E-05,
ENSG00000146386,738.1571278,0.393203182,0.087548876,4.491241904,7.08E-06,0.000468359,
ENSG00000261122,1765.07572,0.391286391,0.077354901,5.058327111,4.23E-07,3.69E-05,
ENSG00000198246,513.2236672,0.390233723,0.097060724,4.020511153,5.81E-05,0.002828722,
ENSG00000104341,64961.11317,0.389336257,0.074593656,5.219428546,1.79E-07,1.69E-05,
ENSG00000131069,681.8916162,0.388866306,0.100331501,3.875814714,0.000106269,0.004838812,
ENSG00000124151,6714.54726,0.388654676,0.053467296,7.269016834,3.62E-13,8.53E-11,
ENSG00000168993,340.567042,0.386831359,0.119149234,3.246612204,0.001167874,0.034507199,
ENSG00000185607,486.3915868,0.38635568,0.102028483,3.786743347,0.000152635,0.006754261,
ENSG00000143256,387.9289072,0.385332992,0.114398827,3.368329932,0.00075625,0.024707237,
ENSG00000170500,7789.394215,0.38481327,0.067936539,5.664304864,1.48E-08,1.78E-06,
ENSG00000069424,458.7991707,0.383702324,0.105509545,3.636659824,0.000276196,0.010949645,
ENSG00000090013,637.9904887,0.383490186,0.108380959,3.538353861,0.00040263,0.014853189,
ENSG00000159164,1561.323846,0.378633413,0.069337794,5.460707546,4.74E-08,5.11E-06,
ENSG00000217128,2127.444395,0.378373676,0.066250021,5.711298944,1.12E-08,1.43E-06,
ENSG00000124225,1212.487114,0.377788775,0.073468736,5.142170633,2.72E-07,2.47E-05,
ENSG00000111110,754.7815888,0.375610992,0.086256059,4.35460416,1.33E-05,0.000800313,
ENSG00000164181,867.6863184,0.375524494,0.081394211,4.613651155,3.96E-06,0.000277268,
ENSG00000213937,378.3338361,0.37365057,0.110770772,3.373187369,0.000743034,0.024359876,
ENSG00000117115,394.5823372,0.37349645,0.108361777,3.446754563,0.000567364,0.019839403,
ENSG00000204386,764.1700268,0.3731143,0.089233073,4.181345409,2.90E-05,0.001543169,
ENSG00000135404,4634.439,0.371584255,0.069765796,5.326166643,1.00E-07,1.02E-05,
ENSG00000130164,7788.631437,0.370598473,0.067714228,5.472977863,4.43E-08,4.79E-06,
ENSG00000151491,460.9491024,0.366426858,0.108507995,3.376957244,0.000732924,0.024239225,
ENSG00000225169,612.5394692,0.366054331,0.090097185,4.062883088,4.85E-05,0.002405832,
ENSG00000173511,1418.300871,0.365629273,0.08067788,4.531964303,5.84E-06,0.000393432,
ENSG00000186174,6555.960211,0.364090186,0.077437194,4.701748173,2.58E-06,0.000191437,
ENSG00000248641,1259.095334,0.363132305,0.104633006,3.47053306,0.000519426,0.018350584,
ENSG00000185222,742.5080638,0.362957095,0.088115069,4.11912628,3.80E-05,0.001937637,
ENSG00000145819,933.7491485,0.362834905,0.081180923,4.469460215,7.84E-06,0.000513279,
ENSG00000108828,4319.776718,0.362454199,0.065991275,5.492456392,3.96E-08,4.32E-06,
ENSG00000213585,4837.994166,0.360231668,0.061688711,5.839507162,5.24E-09,7.10E-07,
ENSG00000113161,3413.988977,0.358472204,0.070528553,5.082653584,3.72E-07,3.28E-05,
ENSG00000117984,10487.66478,0.358348235,0.068231459,5.251950361,1.50E-07,1.48E-05,
ENSG00000256211,791.4787844,0.358037607,0.113653741,3.150249212,0.001631312,0.044503431,
ENSG00000182263,469.7848865,0.356778386,0.098979078,3.604583862,0.000312653,0.012102322,
ENSG00000072310,3565.413089,0.356479552,0.062405447,5.71231467,1.11E-08,1.43E-06,
ENSG00000165312,982.344567,0.356182754,0.088141855,4.041017199,5.32E-05,0.002605838,
ENSG00000134590,578.5642611,0.355111904,0.10433816,3.403471014,0.000665355,0.022317797,
ENSG00000148158,419.6896821,0.353975528,0.108761219,3.254611613,0.001135475,0.033708418,
ENSG00000213699,2498.606595,0.353029277,0.075736736,4.661268691,3.14E-06,0.000225256,
ENSG00000166900,855.851033,0.349902011,0.080984423,4.320608796,1.56E-05,0.000916626,
ENSG00000133816,822.1283346,0.349327523,0.082268611,4.246182345,2.17E-05,0.001223591,
ENSG00000131746,2528.15247,0.348427615,0.083900759,4.15285415,3.28E-05,0.00170518,
ENSG00000162545,1002.18806,0.347260807,0.084521542,4.108547939,3.98E-05,0.002017522,
ENSG00000151365,759.9762233,0.347095444,0.095837989,3.621689544,0.000292685,0.011446908,
ENSG00000131711,6944.927665,0.34605973,0.07041679,4.914449124,8.90E-07,7.30E-05,
ENSG00000067082,2517.59236,0.34453958,0.062560347,5.507315676,3.64E-08,4.02E-06,
ENSG00000124212,6200.496744,0.342521939,0.065332385,5.242758828,1.58E-07,1.52E-05,
ENSG00000238247,720.7711397,0.339868944,0.102627244,3.311683444,0.000927364,0.028847759,
ENSG00000204054,2521.162893,0.338896272,0.062812362,5.395375387,6.84E-08,7.16E-06,
ENSG00000147010,965.254986,0.337601756,0.079390944,4.252396294,2.11E-05,0.001200872,
ENSG00000133789,475.6776196,0.337014232,0.098908173,3.407344641,0.000655982,0.022082008,
ENSG00000156968,841.96206,0.33605344,0.083845688,4.007999069,6.12E-05,0.002959866,
ENSG00000122378,1002.315961,0.33501139,0.078630843,4.260559558,2.04E-05,0.001166278,
ENSG00000176170,3089.191449,0.332554263,0.074631695,4.455938783,8.35E-06,0.000541088,
ENSG00000092964,3347.769078,0.332485394,0.059122678,5.623652494,1.87E-08,2.22E-06,
ENSG00000245910,761.0115514,0.33176909,0.10490745,3.162493129,0.001564244,0.043236904,
ENSG00000172575,481.9256491,0.330997406,0.09836475,3.365000218,0.000765436,0.024920956,
ENSG00000147383,549.5117957,0.33034373,0.098208375,3.363702246,0.000769045,0.024995277,
ENSG00000139211,1564.994092,0.330144994,0.080046598,4.124410063,3.72E-05,0.001900536,
ENSG00000196498,40795.20006,0.328987162,0.077642439,4.237207993,2.26E-05,0.001265962,
ENSG00000179271,1498.81333,0.327708974,0.09117482,3.594292536,0.000325274,0.012437615,
ENSG00000196208,1766.906473,0.326999877,0.089626253,3.648483172,0.000263793,0.010602911,
ENSG00000091986,841.4522717,0.326887459,0.091042446,3.590495147,0.00033005,0.012594696,
ENSG00000055732,813.393991,0.326654622,0.09789277,3.336861555,0.000847301,0.026889696,
ENSG00000154096,4543.818478,0.325068931,0.06378916,5.095990168,3.47E-07,3.08E-05,
ENSG00000169213,655.4645594,0.324033856,0.090682877,3.573263943,0.000352559,0.013239225,
ENSG00000100346,679.4349443,0.321697266,0.087481055,3.677336397,0.000235682,0.009584823,
ENSG00000050165,954.9981626,0.32100734,0.082917416,3.871410304,0.000108207,0.004903411,
ENSG00000072042,1355.140673,0.320339454,0.070524044,4.542272878,5.57E-06,0.000378728,
ENSG00000135083,470.6330886,0.32017725,0.09982793,3.207291296,0.001339912,0.038212843,
ENSG00000003989,2325.996894,0.318345103,0.072372477,4.398703979,1.09E-05,0.000673069,
ENSG00000144136,2571.341644,0.318210827,0.061846571,5.145165266,2.67E-07,2.45E-05,
ENSG00000106266,1901.740866,0.317676713,0.071399819,4.449264985,8.62E-06,0.000556264,
ENSG00000224861,9880.899798,0.317461934,0.082985115,3.825528636,0.000130492,0.005829147,
ENSG00000198853,920.4924301,0.316047865,0.080257777,3.93790953,8.22E-05,0.003883333,
ENSG00000104381,584.1277303,0.314636082,0.097258884,3.235036936,0.00121627,0.035356797,
ENSG00000068650,1368.431139,0.312814604,0.07045107,4.44016826,8.99E-06,0.000574403,
ENSG00000144218,2596.705911,0.307931719,0.065111956,4.72926535,2.25E-06,0.000169234,
ENSG00000073905,2733.066215,0.30591776,0.06540593,4.67721752,2.91E-06,0.000210552,
ENSG00000132471,3292.432482,0.302425747,0.073619788,4.107941014,3.99E-05,0.002017522,
ENSG00000075785,4784.167289,0.297713081,0.071685774,4.153028763,3.28E-05,0.00170518,
ENSG00000242779,924.9109578,0.297224322,0.086414809,3.439506797,0.000582775,0.020157604,
ENSG00000130725,658.5570768,0.29403391,0.093880343,3.132007199,0.001736156,0.046888654,
ENSG00000121848,800.6186275,0.291794164,0.086207113,3.384803815,0.000712291,0.023681492,
ENSG00000169246,1148.001325,0.291691543,0.091858587,3.175441225,0.001496088,0.041781866,
ENSG00000166987,1255.155619,0.291662732,0.088294709,3.303286636,0.000955587,0.029418046,
ENSG00000114638,3212.011773,0.291527705,0.068576499,4.251131364,2.13E-05,0.001204049,
ENSG00000122705,2157.146952,0.291219798,0.066676651,4.367642872,1.26E-05,0.000764707,
ENSG00000254087,1001.660661,0.291144271,0.076808386,3.790527155,0.000150328,0.006683564,
ENSG00000147573,676.7271527,0.290902568,0.086715638,3.354672518,0.00079459,0.025736794,
ENSG00000107798,954.6693584,0.290768917,0.078444673,3.706675101,0.000209998,0.008719545,
ENSG00000100075,2728.608923,0.290253174,0.072945723,3.979029376,6.92E-05,0.003310752,
ENSG00000141458,2119.030794,0.2874862,0.068088104,4.222267649,2.42E-05,0.001337885,
ENSG00000100605,3442.24142,0.287093671,0.068895387,4.167095716,3.09E-05,0.001619952,
ENSG00000158417,3113.748668,0.286273759,0.092014791,3.111171125,0.001863469,0.04933744,
ENSG00000258011,4606.185637,0.28623765,0.08990671,3.183718439,0.001453964,0.041030941,
ENSG00000090861,3739.985926,0.284474215,0.064475361,4.412138365,1.02E-05,0.000636795,
ENSG00000168003,4151.552839,0.283895409,0.068277574,4.157959849,3.21E-05,0.001681417,
ENSG00000197930,3523.940282,0.283666887,0.057881558,4.900816371,9.54E-07,7.75E-05,
ENSG00000188505,1305.773412,0.283394905,0.072354266,3.916768405,8.97E-05,0.00418753,
ENSG00000213856,991.2203226,0.283071411,0.079928302,3.54156666,0.000397758,0.014731125,
ENSG00000130724,1386.73586,0.281021538,0.079911405,3.516663684,0.000437007,0.015903516,
ENSG00000175550,2155.946129,0.281015612,0.086150102,3.261930105,0.001106564,0.033110861,
ENSG00000152078,656.1280415,0.279982287,0.08827214,3.171808099,0.001514931,0.04206773,
ENSG00000251562,99261.03174,0.2789664,0.079045463,3.529189262,0.000416835,0.015287461,
ENSG00000260910,654.0803734,0.278457531,0.089365023,3.115956558,0.001833493,0.048947567,
ENSG00000075624,19474.91229,0.278028016,0.067413765,4.124202445,3.72E-05,0.001900536,
ENSG00000033327,3123.223463,0.278011111,0.063699201,4.364436389,1.27E-05,0.00076937,
ENSG00000196968,1191.576643,0.277001932,0.072612429,3.814800516,0.000136293,0.006073899,
ENSG00000128510,19991.50447,0.276668417,0.054318805,5.093418677,3.52E-07,3.11E-05,
ENSG00000168159,1816.17174,0.276197359,0.073753135,3.744889741,0.000180473,0.007679677,
ENSG00000184254,3167.757858,0.27599239,0.070054988,3.939653651,8.16E-05,0.003874632,
ENSG00000135842,1473.440893,0.275931181,0.070740425,3.900615254,9.59E-05,0.004411526,
ENSG00000242849,1826.958564,0.275894872,0.075923413,3.63385763,0.000279215,0.011011467,
ENSG00000189143,5833.119344,0.275761702,0.060545861,4.554592165,5.25E-06,0.000359796,
ENSG00000164442,6670.36373,0.275195267,0.065614389,4.194129838,2.74E-05,0.001475339,
ENSG00000100612,1059.191634,0.274646464,0.084212226,3.26136095,0.001108788,0.033124822,
ENSG00000196924,29487.91511,0.274422286,0.052680995,5.2091326,1.90E-07,1.77E-05,
ENSG00000177383,1758.377244,0.27045839,0.077325102,3.49767907,0.000469326,0.016884075,
ENSG00000119900,3357.517785,0.269473648,0.059742453,4.51058893,6.46E-06,0.000432155,
ENSG00000231167,2357.297839,0.268766335,0.0830858,3.234804695,0.00121726,0.035356797,
ENSG00000213866,6939.443464,0.268639483,0.079438408,3.381732964,0.000720301,0.02387623,
ENSG00000100889,1502.890719,0.268418803,0.077886022,3.446302653,0.000568313,0.019839403,
ENSG00000175591,1536.246346,0.267559744,0.073672505,3.631744913,0.000281511,0.011078851,
ENSG00000136908,750.4401341,0.267395883,0.085005954,3.145613573,0.001657388,0.04508431,
ENSG00000188910,1487.887868,0.267019194,0.073163996,3.649598299,0.000262651,0.010579548,
ENSG00000167767,1057.208279,0.266975099,0.076609591,3.484878265,0.000492361,0.017611949,
ENSG00000074211,3377.628623,0.2661873,0.061840825,4.30439439,1.67E-05,0.00098027,
ENSG00000185813,1395.113486,0.266000074,0.071719653,3.70888682,0.000208172,0.008662823,
ENSG00000113552,1541.01293,0.261036926,0.070978224,3.677704368,0.000235342,0.009584823,
ENSG00000109452,1629.318967,0.258666581,0.075273529,3.436355183,0.000589597,0.02035623,
ENSG00000148719,2880.215219,0.25844046,0.063093439,4.096154275,4.20E-05,0.002100462,
ENSG00000197746,11278.79282,0.257104698,0.052445332,4.902337156,9.47E-07,7.73E-05,
ENSG00000106211,7105.930187,0.256674955,0.076861426,3.339450843,0.000839442,0.026730274,
ENSG00000130779,1585.341459,0.25582388,0.07135083,3.585436626,0.000336515,0.012763861,
ENSG00000073417,1662.278236,0.255449961,0.071554819,3.569989612,0.000356995,0.013372614,
ENSG00000260401,1025.508661,0.255031634,0.076178336,3.34782365,0.000814488,0.026112104,
ENSG00000115310,5676.93385,0.252956701,0.060346625,4.191729063,2.77E-05,0.001482569,
ENSG00000229644,2023.56905,0.252787889,0.068746961,3.677077277,0.000235922,0.009584823,
ENSG00000251593,2171.673397,0.252405114,0.064784475,3.896074088,9.78E-05,0.004484084,
ENSG00000160211,2078.0716,0.248236508,0.069007465,3.597241376,0.00032161,0.012347597,
ENSG00000143153,1441.431662,0.248164851,0.071186776,3.486108856,0.000490102,0.017564456,
ENSG00000144674,4901.851134,0.24776009,0.077935466,3.179041639,0.001477629,0.041512336,
ENSG00000105835,1497.669478,0.247655915,0.073373435,3.37528035,0.000737405,0.024344706,
ENSG00000175567,2775.245034,0.245138174,0.065334601,3.752042091,0.0001754,0.007549008,
ENSG00000168615,6028.633362,0.238344018,0.056451239,4.222122015,2.42E-05,0.001337885,
ENSG00000101443,2235.096412,0.235803953,0.075413882,3.126797677,0.001767215,0.047404206,
ENSG00000169241,1327.355456,0.235470878,0.073386901,3.208622722,0.001333724,0.03809398,
ENSG00000179918,2230.537073,0.233985974,0.063016878,3.713068351,0.000204762,0.008539735,
ENSG00000112715,4926.404273,0.23132162,0.064803276,3.569597616,0.00035753,0.013372614,
ENSG00000094975,4477.819369,0.231187022,0.058971239,3.920335164,8.84E-05,0.00413627,
ENSG00000131981,2784.712654,0.230599332,0.061204568,3.767681705,0.000164771,0.007206707,
ENSG00000096433,7245.187676,0.230010355,0.061747684,3.725003763,0.000195312,0.00818185,
ENSG00000130340,1662.371926,0.229441168,0.070731126,3.243850071,0.001179258,0.034734676,
ENSG00000072274,6432.700508,0.227825931,0.061026811,3.733210492,0.000189054,0.00793734,
ENSG00000116133,13520.1666,0.226370195,0.057724,3.921595809,8.80E-05,0.00412492,
ENSG00000100994,3375.605651,0.224484358,0.068575228,3.273548817,0.00106206,0.03198227,
ENSG00000104164,1578.173876,0.223636339,0.070802806,3.158580188,0.001585397,0.043693445,
ENSG00000128791,2692.094789,0.222740989,0.066047328,3.3724451,0.000745039,0.024383225,
ENSG00000115295,1795.050236,0.222215132,0.069722473,3.18713784,0.001436883,0.040670687,
ENSG00000146038,3055.910871,0.222058565,0.066579717,3.335228407,0.000852294,0.027002668,
ENSG00000177189,3324.077006,0.221723876,0.05894501,3.761537671,0.000168872,0.007335036,
ENSG00000068366,2196.234524,0.221482773,0.069738425,3.1759073,0.001493687,0.04177669,
ENSG00000101745,2013.168529,0.220478501,0.065788138,3.351341279,0.000804211,0.025914848,
ENSG00000104419,6216.700454,0.218519505,0.061635166,3.545370581,0.000392061,0.014577417,
ENSG00000011405,4202.752839,0.213049938,0.061391886,3.4703273,0.000519825,0.018350584,
ENSG00000078618,3579.174006,0.211420753,0.060159127,3.514358699,0.000440817,0.016011259,
ENSG00000157483,2154.707443,0.21132789,0.067829129,3.115591967,0.001835761,0.048947567,
ENSG00000111669,7507.900151,0.210546917,0.06603437,3.188444367,0.001430405,0.040548226,
ENSG00000111640,22774.37527,0.209620121,0.063439406,3.304257307,0.000952284,0.029418046,
ENSG00000131473,7441.342888,0.207838708,0.062180994,3.34247967,0.000830334,0.026484997,
ENSG00000092841,5664.795889,0.20781797,0.064172811,3.238411524,0.001201973,0.03512929,
ENSG00000144959,3381.857717,0.204592995,0.058941882,3.471097073,0.000518337,0.018350584,
ENSG00000149925,29696.13982,0.202774943,0.056016411,3.619920304,0.000294694,0.011501599,
ENSG00000127526,2891.236318,0.201343111,0.061877802,3.253882734,0.001138393,0.033741885,
ENSG00000175582,3392.203214,0.198643515,0.058480703,3.396736069,0.000681947,0.022752892,
ENSG00000143570,4522.174539,0.198101103,0.063630645,3.113297139,0.001850096,0.049121364,
ENSG00000179820,4215.778466,0.197451258,0.05851033,3.374639249,0.000739125,0.024358824,
ENSG00000067057,5120.859076,0.195403328,0.059963461,3.258706621,0.001119213,0.033330635,
ENSG00000141526,11358.5066,0.192505513,0.06067726,3.172613822,0.001510733,0.04206773,
ENSG00000184009,102012.0612,0.184918785,0.052320568,3.534342068,0.000408792,0.015021699,
ENSG00000184992,5327.502084,0.179636143,0.054667325,3.285987427,0.001016255,0.030727899,
ENSG00000173402,8481.741085,0.174556929,0.0557797,3.129398851,0.001751644,0.047104472,
